id,tweet,created_at,user_id,name,username,retweets_count,replies_count,likes_count,quote_url
1528696920729956352,Terminando el desafio de tripulaciones en @TheBridge_Tech,2022-05-23 13:18:42 CEST,1528649918306557952,Nacho Esteban,nachooatm82,0,0,0,
1528650844094271490,"""El libro de la inteligencia colectiva""   https://t.co/tUyIEoFlP9 artÃ­culo de @tiscar sobre la presentaciÃ³n que del libro de @arey haremos esta semana en @TheBridge_Tech  Plazas limitadas, inscripciones en  https://t.co/Oht7sRlBPh  https://t.co/wICvbVbVqi",2022-05-23 10:15:36 CEST,41545659,Mario Lopez de Avila,nodosenlared,2,0,5,
1528647207594909696,Este jueves nos vemos en @TheBridge_Tech para hablar sobre inteligencia colectiva a propÃ³sito del nuevo libro de @amaliorey y la compaÃ±Ã­a de @nodosenlared. En el blog avanzo algunos detalles:  https://t.co/rVXQw1TTf2,2022-05-23 10:01:09 CEST,4628161,TÃ­scar Lara,tiscar,0,0,1,https://twitter.com/arey/status/1528638307516694529
1528641426975760389,"Conoce las 25 ofertas de #empleo de la empresa sevillana @Galgus, creadora de tecnologÃ­a #WiFi de primer nivel mundial, y descubre tambiÃ©n ofertas de empleo en #Sevilla de @PFDrive @HotelColonGM  @GrupoElecnor @TheBridge_Tech @beteling, etc. Ver mÃ¡s:  https://t.co/9lJwB9yIAl  https://t.co/k8bFhZV5tx",2022-05-23 09:38:11 CEST,987388686,Juan Luis PavÃ³n,juanluispavon1,2,0,6,
1528638307516694529,#LastMinute La 2da presentaciÃ³n del #LibroIC en #Madrid serÃ¡ este jueves (18:30) en @TheBridge_Tech acompaÃ±ados por TÃ­scar Lara (@tiscar) y Mario LÃ³pez de Ãvila (@nodosenlared). +Info e inscripciones aquÃ­:  https://t.co/OVzv1SdR7x,2022-05-23 09:25:47 CEST,15993641,Amalio A. Rey,arey,1,0,2,
1527312943397806080,Â¡QuÃ© poco queda para el prÃ³ximo ğŸ”¥Burn MondayğŸ”¥! Lunes 23 de mayo a las 18h. aplicaremos la #IA en un viaje por obras pictÃ³ricas y hablaremos de la metodologÃ­a de un Hackaton con dos alumnis de #DataScience Â¡Saca tu entrada y ven a tomarte un @burn_es!ğŸ”‹â¬‡  https://t.co/6mNJvlmi9F,2022-05-19 17:39:16 CEST,1162694149956603904,The Bridge,thebridge_tech,2,0,0,
1526946552492789760,"Esta es la historia de IsisğŸ¤— que decidiÃ³ hacer un cambio en su vida profesional haciendo el #bootcamp de #uxui. Ahora, compagina su trabajo con el de Teacher Assistant en @TheBridge_Tech. El camino es duro pero seguro darÃ¡ sus frutosğŸ‘©â€ğŸ’»Â¡Gracias Isis por compartir tu experiencia!  https://t.co/1UHKZW0UxN",2022-05-18 17:23:22 CEST,1162694149956603904,The Bridge,thebridge_tech,0,0,0,
1526886949839065088,Gracias @victorianoI y equipo por el anÃ¡lisis con @graphext de los datos en educaciÃ³n y tecnologÃ­a que vimos ayer en la primera charla de #letstalkabouteducation en @TheBridge_Tech y que pudimos debatir con @ikerarceseco Sin duda aprendimos mucho Â¡Volved cuando querÃ¡is! ğŸ§µHilo ğŸ“Š  https://t.co/wZSVGve1sn,2022-05-18 13:26:31 CEST,1162694149956603904,The Bridge,thebridge_tech,0,0,0,https://twitter.com/victorianoi/status/1497844039881793536
1526842834741039105,"Â¿CÃ³mo combatir el paro juvenilğŸ¥µ? #tipdeldia En un paÃ­s con una tasa de paro rÃ©cord, hay que elegir bien dÃ³nde y quÃ© estudiar.  Si os querÃ©is especializar en el sector digital, os animamos a hacerlo con @TheBridge_Tech, que cuenta con un 92% de empleabilidad... Â¡Y CON BECA ğŸ‘‡!  https://t.co/2OBZSnVk7r",2022-05-18 10:31:13 CEST,1336771626306854912,Bcas,bcasapp,4,1,8,
1526576722350686208,Â¿Con ganas de probar si un empleo tecnolÃ³gico es para ti? Ven a los talleres del campus de #Sevilla @ENCamaraSevilla   24 Mayo â¡Taller #DataScience  25 Mayo â¡Taller #DesarrolloWebFullStack 26 Mayo â¡Taller #Ciberseguridad 1 Junio â¡ Open Day  ğŸŸEntradas  https://t.co/Cp05ZJBqVa  https://t.co/Vyqa1l94hr,2022-05-17 16:53:47 CEST,1162694149956603904,The Bridge,thebridge_tech,2,0,2,
1526479745185198080,Los perfiles tecnolÃ³gicos mÃ¡s demandados en el futuro @TheBridge_Tech  https://t.co/j93jBWSLij,2022-05-17 10:28:26 CEST,114739070,PeriÃ³dico PublicidAD,pdelapublicidad,1,0,1,
1526133158743359488,La 2da presentaciÃ³n-coloquio del #LibroIC en #Madrid serÃ¡ el J26Mayo(18:30) en @TheBridge_Tech con TÃ­scar Lara (@tiscar) y Mario LÃ³pez de Ãvila (@nodosenlared)  +InformaciÃ³n e inscripciones:  https://t.co/OVzv1SdR7x Â¡Â¡CompÃ¡rtelo!!,2022-05-16 11:31:13 CEST,15993641,Amalio A. Rey,arey,4,0,4,
1525556372129169411,"Sin desmerecer el espectÃ¡culo del 28 de mayo en Paris, el 26 a las 18:30 en Madrid, @arey presenta su #libroIC en @TheBridge_Tech Entradas aquÃ­  https://t.co/4MM6HyxTrf",2022-05-14 21:19:17 CEST,50588675,Alberto Blanco,alberto_blanco,0,0,1,
1525051913317801984,"Next week our CEO @victorianoi will be at @Thebridge_tech with @ikerarceseco to discuss the education sector ğŸ“ from a data-driven perspective. Join us online or at Paseo de Recoletos, 15, Madrid, to debate the challenges and opportunities the sector facesğŸš€",2022-05-13 11:54:44 CEST,2907682397,graphext,graphext,0,0,2,https://twitter.com/TheBridge_Tech/status/1524053162323283968
1525047381234003968,@TheBridge_Tech @ikerarceseco @victorianoi @graphext Hola @TheBridge_Tech. Â¿Por quÃ© es obligatorio dar el nÃºmero de telÃ©fono para un evento que es en lÃ­nea?,2022-05-13 11:36:44 CEST,577561266,Alberto Pedrero,apedreroes,0,0,0,
1524795347352051712,"Descubre las posibilidades y misterios que oculta el #metaverso con @HavasGroupES ğŸ˜ Hablaremos de tipos de metaverso, estrategias de onboarding, casos reales... Â¡Promete ser muy interesante! PrÃ³ximo 19 de mayo a las 17.30h. Consigue tus entradas ğŸŸ https://t.co/KxeTH2ICpc",2022-05-12 18:55:14 CEST,1162694149956603904,The Bridge,thebridge_tech,0,0,0,
1524738407603310594,"ğŸ“»Los #bootcamps son para ""cualquier persona que quiera un empleo tecnolÃ³gico de calidad"", como bien explican InÃ©s GarcÃ­a Clariana y @AmparoGalbis1 en ""La Tarde con Marina"" en @999plazaradio. Escucha la entrevista completa de nuestro equipo de #ValenciağŸ”Š https://t.co/7HNlE0vpmO",2022-05-12 15:08:59 CEST,1162694149956603904,The Bridge,thebridge_tech,0,0,0,
1524117624174653441,"ğŸ‘¾ El caso #Pegasus, un ejemplo mÃ¡s de #ciberespionaje que pone en relevancia la necesidad de expertos en #ciberseguridad  Te contamos quÃ©s es ğŸ•µï¸â€â™€ï¸ y para quÃ© fue creado ğŸ‘‡  https://t.co/kyzgkQDZ8N",2022-05-10 22:02:12 CEST,1162694149956603904,The Bridge,thebridge_tech,0,0,0,
1524053162323283968,Â¡â€Letâ€™s talk about educationâ€! Os invitamos a la primera sesiÃ³n del nuevo ciclo de conferencias sobre #educaciÃ³n @ikerarceseco y @victorianoi debatirÃ¡n sobre los datos en el sector y descubriremos @graphext plataforma de #datascience no code. EntradasğŸŸ  https://t.co/ksTzmzqqLQ,2022-05-10 17:46:04 CEST,1162694149956603904,The Bridge,thebridge_tech,0,1,1,
1523574457549623296,"Â¡Vamos con los talleres de mayo! Este mes tenemos un montÃ³n de #freeevents ğŸ‘©â€ğŸ’»Metaverso, OSINT, Sistemas de diseÃ±o UX/UI, un coloquio sobre educaciÃ³n ... Â¡No esperes mÃ¡s y saca ya tu entrada! ğŸŸ https://t.co/Nlwg6cTDOa  https://t.co/zWjT1I2AER",2022-05-09 10:03:51 CEST,1162694149956603904,The Bridge,thebridge_tech,0,0,0,
1522231140656066561,ğŸ‘ğŸš€Lanzamos una nueva ediciÃ³n de las #becas Digital Talent Pipeline para cursar un #bootcamp en junio y septiembre Â¿Quieres solicitar la tuya? Plazo hasta el 30 de mayo Â¡Date prisa #digitaltalent! â¡ https://t.co/PXFR0q85F7  https://t.co/qwiGSm4WOI,2022-05-05 17:06:00 CEST,1162694149956603904,The Bridge,thebridge_tech,1,0,0,
1522114536286920704,La 2da presentaciÃ³n del #LibroIC en #Madrid serÃ¡ el J26Mayo(18:30) en @TheBridge_Tech acompaÃ±ados por  TÃ­scar Lara (@tiscar) y Mario LÃ³pez de Ãvila (@nodosenlared) sobre impacto de la #IC en el diseÃ±o y gestiÃ³n de las organizaciones. +Info/inscripciones:  https://t.co/OVzv1SdR7x,2022-05-05 09:22:39 CEST,15993641,Amalio A. Rey,arey,2,0,4,
1521871017714589699,"ğŸ¤©Â¿Quieres conocer el talento digital que llevas dentro? Â¡Ven a nuestro Open Day y descÃºbrelo!   ğŸ“…Viernes 20 de mayo 11.15h en Paseo de Recoletos 15, Madrid.  ğŸŸSaca tus entradasğŸ‘‡ğŸ‘‡ https://t.co/qq3WqsydKv",2022-05-04 17:15:00 CEST,1162694149956603904,The Bridge,thebridge_tech,0,0,0,
1519712433740386308,"Â¡Gracias a todos por el dÃ­a de hoy! ğŸ˜ğŸ˜  De la mano de: @AccentureSpain , Bonus Studios, @Making_Science_ @SomosMiogroup , Silicon HR , y @TheBridge_Tech hemos podido acercar el futuro talento digital hacia el mundo laboral ğŸ” ğŸ”   #talent #empresas #marketing #BeGeneration  https://t.co/wLbzhtXb94",2022-04-28 18:17:33 CEST,2979740235,Generation Spain,spaingeneration,0,0,1,
1519706866703638529,En breve empezamos la charla sobre RV y PsicologÃ­a! Todo ready! @TheBridge_Tech  https://t.co/lW3fvKhcGZ,2022-04-28 17:55:26 CEST,3294953441,Jose Maria Torralba,jm_torralba_,1,0,15,
1519432213061943303,MaÃ±ana estarÃ© junto a @LucaMefisto en una mesa redonda en @TheBridge_Tech donde hablaremos de la relaciÃ³n que hay entre #psicologia y la #realidadvirtual. Pinta interesante!!â€¦,2022-04-27 23:44:03 CEST,3294953441,Jose Maria Torralba,jm_torralba_,1,0,6,https://twitter.com/TheBridge_Tech/status/1517147713254526978
1519359124219338752,"Acabo de escuchar la charla de @kairos_ds en @TheBridge_Tech. Ahora que todo lo que tengo que aprender me abruma. Escuchar que si llego a la meta, me esperarÃ¡ una empresa asÃ­ (ojalÃ¡), un equipo en el que se respire ese buen rollo y amor por el trabajo, me da fuerza para pelear",2022-04-27 18:53:38 CEST,604485175,Berta Otero,bertinha84,0,0,8,
1519338659111178242,@pmdr_1189 @TheBridge_Tech Lamentablemente,2022-04-27 17:32:18 CEST,53089020,GabiÃ±a,gabinha,0,0,1,
1519225678335459328,Esto es hoy!  Nos vemos en @TheBridge_Tech con @quierodata para hablar de crecimiento dentro de @kairos_ds ğŸ§¡,2022-04-27 10:03:22 CEST,431035304,Irene M Morgado ğŸŒ¿,irnmm,1,0,5,https://twitter.com/kairos_ds/status/1518967719516909568
1519208638136602626,@burn_es Prueba de ello ğŸ“¸ğŸ”¥  https://t.co/7SWL2ionj3,2022-04-27 08:55:39 CEST,1162694149956603904,The Bridge,thebridge_tech,1,0,2,
1518967719516909568,"Nuestra Head de Data &amp; IA @quierodata, estarÃ¡ maÃ±ana en las oficinas de @TheBridge_Tech, para hablar de las oportunidades de crecimiento profesional dentro de KairÃ³s DS.ğŸ¤©   @IrnMM la acompaÃ±arÃ¡ resolviendo cualquier duda sobre KairÃ³s DSâ€¦   Â¿Te veremos allÃ­?ğŸ§¡  #OrgulloKairÃ³s  https://t.co/0hUC9XkPxF",2022-04-26 16:58:20 CEST,4295874994,KairÃ³s DS,kairos_ds,5,0,7,
1518963397701906433,"Los compaÃ±eros de @TheBridge_Tech nos hablan de #softskills en IT, en #devspega junto a @flyncercom  El valor diferencial de todo profesional.  https://t.co/0On5h6N9hR",2022-04-26 16:41:09 CEST,535255114,RubÃ©n Berrocal,berrocalruben,0,0,0,
1518910838987501570,#ESTAPASANDO Talento y competencias digitales #SP22 InÃ©s Garcia @TheBridge_Tech Enric Montesa @COEV_COM Leticia Gonzalvez Directora marketing @sesamehr_ La competencia digital demandada en las empresas no son las bÃ¡sicas que todos tenemos.  https://t.co/orPM5iTbPE,2022-04-26 13:12:18 CEST,1978768458,COGITI Valencia,cogitivalencia,0,1,3,
1518909298688077825,Tenemos que decir que el BURN Mondays de ayer con @TheBridge_Tech fue muy top! ğŸ”â€‹â¤ï¸â€ğŸ”¥,2022-04-26 13:06:11 CEST,227327854,BURN EspaÃ±a ğŸ”¥,burn_es,1,1,3,
1518607234976161792,"Este jueves Job Market Place en @TheBridge_Tech con @spaingeneration La feria de empleo con el mejor talento de #marketingdigital @AccentureSpain, @Siliconhr1, ... participarÃ¡n en busca del mejor talento. Si eres empresa y quieres participar ğŸ‘‰ https://t.co/0n4iufzfmi  https://t.co/A51YStbfjF",2022-04-25 17:05:53 CEST,1162694149956603904,The Bridge,thebridge_tech,0,0,0,
1518529871969988608,"""Necesitaba formaciÃ³n tÃ©cnica para potenciar mi empleabilidad"", cuenta nuestra alumni Clara BayÃ³n a @el_pais ğŸ—Tras hacer el #bootcamp en #ciberseguridad ahora trabaja en @DeloitteDE Check it out! ğŸ‘‰ https://t.co/XGIPZfmtx6  https://t.co/7jrVa74qTG",2022-04-25 11:58:29 CEST,1162694149956603904,The Bridge,thebridge_tech,0,0,0,
1517423870483042304,Mercedes Mac Pherson @Globant : 'Hay un desconocimiento grande del poder de transformaciÃ³n de la tecnologÃ­a' #mujerytecnologÃ­a @TheBridge_Tech  https://t.co/OFDlmziC1y,2022-04-22 10:43:37 CEST,734674933217931265,Mujeres a Seguir,mujeresaseguir,0,0,2,
1517421295373271041,Sara GÃ³mez @RainG 'La sociedad no sabe lo que hacemos los ingenieros y los tecnÃ³logos' #mujerytecnologÃ­a @TheBridge_Tech @Globant  https://t.co/lYFyIZuW3J,2022-04-22 10:33:23 CEST,734674933217931265,Mujeres a Seguir,mujeresaseguir,1,0,5,
1517420242120683520,Comienza nuestra segunda mesa 'CÃ³mo construir un futuro que nos representa'. AquÃ­ te dejamos el enlace para seguirnos en streaming  https://t.co/ABQkBBLKmT #mujerytecnologÃ­a @Globant @TheBridge_Tech  https://t.co/kApsKZ04SD,2022-04-22 10:29:12 CEST,734674933217931265,Mujeres a Seguir,mujeresaseguir,0,0,2,
1517419666938998784,"Carmen Artigas, secretaria de Estado de DigitalizaciÃ³n e Inteligencia Artificial de Asuntos EconÃ³micos y TransformaciÃ³n Digital: 'Es nuestro momento. El momento de las mujeres' #mujerytecnologÃ­a @Globant @TheBridge_Tech  https://t.co/gLjyCQPBRH",2022-04-22 10:26:55 CEST,734674933217931265,Mujeres a Seguir,mujeresaseguir,3,0,5,
1517418437777240065,"'Nunca se progresa desde el miedo. Hay que arriesgarse disfrutando', Irene Cano @Meta #mujerytecnologÃ­a @TheBridge_Tech @Globant  https://t.co/yaoUnWJIs6",2022-04-22 10:22:02 CEST,734674933217931265,Mujeres a Seguir,mujeresaseguir,1,0,4,
1517417898133884928,'Hay que tener una apertura de mente en los modelos educativos' MarÃ­a Rotondo @Telefonica  AquÃ­ te dejamos el enlace para seguirnos en streaming  https://t.co/ABQkBBLKmT #mujerytecnologÃ­a @Globant @TheBridge_Tech  https://t.co/dB8tF3prJv,2022-04-22 10:19:53 CEST,734674933217931265,Mujeres a Seguir,mujeresaseguir,0,0,2,
1517409914792075264,"A dÃ­a de hoy, el 41 % de las  investigaciones pÃºblicas las hacen mujeres. Descubre mÃ¡s datos en numerosas jornada @TheBridge_Tech #mujerytecnologÃ­a   https://t.co/bNRyoB4h6y  https://t.co/ZBQ4299zQW",2022-04-22 09:48:10 CEST,734674933217931265,Mujeres a Seguir,mujeresaseguir,0,0,0,
1517396691443490816,@MujeresaSeguir @Globant @TheBridge_Tech QuÃ© gran panel!,2022-04-22 08:55:37 CEST,15942584,capgemini_es,capgemini_es,0,0,0,
1517147713254526978,"Â¿Unimos #psicologÃ­a, diseÃ±o #uxui y #realidadvirtual? La respuesta: SÃ! Te invitamos a la mesa redonda del 28 de abril en @TheBridge_Tech donde trataremos el diseÃ±o ux desde el punto de vista del tratamiento de las fobias a travÃ©s de la #vr. Entradas ğŸ‘‰ https://t.co/JGOpD7p2rO",2022-04-21 16:26:16 CEST,1162694149956603904,The Bridge,thebridge_tech,0,0,0,
1517121644682256385,@MujeresaSeguir @Globant @TheBridge_Tech Apuntado en la agenda ğŸ‘Œ,2022-04-21 14:42:41 CEST,1360217897008791554,Gemma R.B.,gemmarbar,0,0,0,
1517111329374543873,Â¡Gracias a vosotros!,2022-04-21 14:01:42 CEST,1162694149956603904,The Bridge,thebridge_tech,0,0,1,https://twitter.com/itep_es/status/1517103356346617856
1517103356346617856,"ğŸ“¢Como ya sabÃ©is, antes de #SemanaSanta, nuestro alumnado de la #FPinformÃ¡ticağŸ’» visitaron @TheBridge_Tech. Gracias a su trato hacia #ITEPğŸ”µ y su colaboraciÃ³n os ofrecemos nuevas imÃ¡genes de esa actividadâ€¼ï¸ En ellas queda patente el interÃ©s de la cita ğŸ‘ŒğŸ»  https://t.co/nt0LFYitDB",2022-04-21 13:30:01 CEST,220072811,ITEP FormaciÃ³n,itep_es,1,0,4,
1516740060346929153,@TheBridge_Tech Otro de los placeres de haber pasado unos meses en esas aulas!! ğŸ˜‰ğŸ‘©ğŸ»â€ğŸ’»,2022-04-20 13:26:24 CEST,91124440,MaÃ¯ R. Entem ğŸ‘©â€ğŸ’»ğŸ‡ªğŸ‡¦ğŸ‡¨ğŸ‡µğŸ‡ªğŸ‡ºğŸ‡¸ğŸ‡¬ğŸŒğŸš£â€â™€ï¸,mrentem,0,0,1,
1516687246241550337,"Â¡QuÃ© bonito es nuestro palacio! ğŸ˜ Todo un privilegio para alumnos, profes y staff poder disfrutar de este espacio en pleno centro de Madrid.",2022-04-20 09:56:32 CEST,1162694149956603904,The Bridge,thebridge_tech,0,1,3,https://twitter.com/alicesilverpol/status/1516642096660287489
1516642121729679362,"Actualmente acoge las oficinas de The Bridge, una aceleradora de talento digital ğŸ“· @TheBridge_Tech  https://t.co/xgWzxnqdOI",2022-04-20 06:57:14 CEST,67597387,Alice Silver ğŸ³ï¸â€ğŸŒˆ,alicesilverpol,0,1,8,
1516505700595388430,@bertinha84 @TheBridge_Tech ğŸ‘ğŸ»ğŸ‘ğŸ»ğŸ‘ğŸ»  ğŸ™ŒğŸ»,2022-04-19 21:55:08 CEST,16512007,JM,jmnavarro,0,0,1,
1516440085486575617,"â–¶Os presentamos a JesÃºs, alumni reciÃ©n graduado del #bootcamp de #digitalmarketingops que tras acabar la carrera se lanzÃ³ en busca de una especializaciÃ³n en #MarketingDigital Â¡Gracias JesÃºs por compartir tu experiencia y mucha suerte! ğŸš€ MÃ¡s info ğŸ‘‰ https://t.co/GtnhQmDsGP  https://t.co/4VV7VDyjjP",2022-04-19 17:34:25 CEST,1162694149956603904,The Bridge,thebridge_tech,0,0,1,
1516070347854028804,@AndreaMaganRey @TheBridge_Tech  https://t.co/fpGUkYnGX4,2022-04-18 17:05:12 CEST,604485175,Berta Otero,bertinha84,0,0,1,
1516067228344533003,@bertinha84 @TheBridge_Tech A por ello @bertinha84  https://t.co/tz445Lv3mV,2022-04-18 16:52:49 CEST,397537147,Andrea,andreamaganrey,0,1,1,
1516048336477995008,@alinnfm @TheBridge_Tech  https://t.co/0IWmJ42wab,2022-04-18 15:37:44 CEST,604485175,Berta Otero,bertinha84,0,0,0,
1516044530348347394,@bertinha84 @TheBridge_Tech Â¡Â¡Que emociÃ³n!! ğŸ¤— Todo lo bueno del mundo para ti en esta etapa ğŸ†,2022-04-18 15:22:37 CEST,3063927221,ali,alinnfm,0,1,1,
1515970019733258247,@bertinha84 Ese nudo es presagio de algo bueno ğŸ˜†Â¡Bienvenida a @TheBridge_Tech ! Muchas horas de #UXUI te esperan ğŸ™Œ Â¡sin miedo!,2022-04-18 10:26:32 CEST,1162694149956603904,The Bridge,thebridge_tech,0,0,1,
1515945939508375556,"@marcosDLCS @TheBridge_Tech Lo harÃ©, gracias Marcos ğŸ™‚",2022-04-18 08:50:51 CEST,604485175,Berta Otero,bertinha84,0,0,0,
1515944204127645701,@bertinha84 @TheBridge_Tech Mucha suerte en la nueva aventura.  Â¡No olvides compartir tu camino y tus experiencias!   Seguro que son de utilidad para la comunidad.  ğŸ’ª,2022-04-18 08:43:57 CEST,147003255,Marcos de la Calle,marcosdlcs,0,1,1,
1515933948001632256,Hoy empiezo en un ratito mi camino en el Ux/ui de la mano de @TheBridge_Tech en su bootcamp. Tengo un nudo enorme en el estÃ³mago y todas las ganas de aprender. A por todas voy!,2022-04-18 08:03:12 CEST,604485175,Berta Otero,bertinha84,1,5,6,
1513867656180477953,@manufosela @Adalab_Digital @4GeeksAcademyES @socratech_ @TheBridge_Tech @ITAcademy @nebulova_es Muy orgullosos de nuestros Top Notch CodersğŸš€ Mucho Ã¡nimo a esa 6Âª #GeneracionK  de  @kairos_ds con todo lo nuevoğŸ‘,2022-04-12 15:12:30 CEST,1026530062923968513,Codenotch,codenotchmad,0,0,0,
1513848281801056258,"De los 21, hay 7 desarrolladoras de @Adalab_Digital, 4 de @4GeeksAcademyES, 2 de @CodenotchMAD, 1 de @socratech_ , 1 de @TheBridge_Tech, 1 de @ITAcademy, 1 de @nebulova_es y de FP-DAW y autodidactas.",2022-04-12 13:55:30 CEST,1609031,MÃ¡nu Fosela,manufosela,3,3,12,
1513807125205684224,A la vuelta de #SemanaSantaSevilla tocağŸ‘‰ #bootcampsğŸ§‘â€ğŸ’»EspecialÃ­zate en #datascience o #desarrollowebfullstack con nuestros programas en colaboraciÃ³n con @ENCamaraSevilla Â¡Estudia en pleno centro de Sevilla! Y en unos meses sal a comerte el sector techğŸš€ https://t.co/1MQSzZSqLv  https://t.co/ggtxFWCV72,2022-04-12 11:11:58 CEST,1162694149956603904,The Bridge,thebridge_tech,1,0,3,
1513473323589672963,"ğŸ“…El 25 de abril estrenamos los #BurnMondaysğŸ”¥, con la colaboraciÃ³n de @burn_es, una oportunidad para que nuestr@s alum@s puedan presentar sus proyectos, hacer un taller... En definitiva, mostrar su talento alğŸŒ Â¡Save the date! â¡ Entradas  https://t.co/yzVCLHZXVd   #bootcamps  https://t.co/yZuTjBCGIf",2022-04-11 13:05:33 CEST,1162694149956603904,The Bridge,thebridge_tech,1,0,0,
1512026991578566657,@burn_es Â¿AlgÃºn que otro? ğŸ˜ Toda energÃ­a extra es bienvenida y necesaria ğŸ”‹ğŸ”¥ Â¡Gracias @burn_es! Pronto haremos buen uso de ella...  https://t.co/p0uELS5eIf,2022-04-07 13:18:21 CEST,1162694149956603904,The Bridge,thebridge_tech,0,0,0,
1512007299187027971,"Nos han contado que en @TheBridge_Tech se lo curran mucho... Hemos colado algÃºn que otro BURN, Â¿os viene bien una ayudita de energÃ­a? ğŸ”‹ğŸ”¥",2022-04-07 12:00:06 CEST,227327854,BURN EspaÃ±a ğŸ”¥,burn_es,1,1,6,
1511970979324518406,En dos semanas empezamos los bootcamps Part Time (compatibles con trabajo/estudios) en #Sevilla y en @ENCamaraSevilla ya hay quiÃ©n ha empezado a calentar!!ğŸ’ª Â¿Preparados para lo que viene? ğŸ‘‰ https://t.co/1KbOQQK8iw,2022-04-07 09:35:47 CEST,1162694149956603904,The Bridge,thebridge_tech,0,0,0,https://twitter.com/ENCamaraSevilla/status/1511733833166729224
1511633207061630980,@TheBridge_Tech Â¡A vuestra disposiciÃ³n! Â¡Muchas gracias!,2022-04-06 11:13:36 CEST,127000294,Bea Jimenez,beajmnz,0,0,0,
1511613451063410690,"@AndreaMaganRey Hola Andrea Â¡QuÃ© gran trabajo! Estamos encantados de pasarte informaciÃ³n para que puedas completar ese listado, te mandamos un DM ğŸ‘",2022-04-06 09:55:05 CEST,1162694149956603904,The Bridge,thebridge_tech,0,0,0,
1511329612260950019,@assemblerinstit @TheBridge_Tech @CraftCodeTech @CodeHouseLearn @CodenotchMAD @NeolandStudio @Adalab_Digital @IEuniversity @lemoncoders @codeworks @geeks_academy @penascalf5 Hola. Lo tenemos en formato Json en Git.  https://t.co/x2dnE2VFAB PodÃ©is hacer un PR ;),2022-04-05 15:07:13 CEST,41110484,RaÃºl Cotrina,raulcotrina,0,0,3,
1511328611755827200,"@raulcotrina @TheBridge_Tech @CraftCodeTech @CodeHouseLearn @CodenotchMAD @NeolandStudio @Adalab_Digital @IEuniversity @lemoncoders @codeworks @geeks_academy @penascalf5 Muy buenas RaÃºl, nos parece una idea increÃ­ble. Â¿Me dices donde te pasamos la informaciÃ³n de los cursos que tenemos actualmente?",2022-04-05 15:03:14 CEST,1102950803843751936,Assembler Institute of Technology,assemblerinstit,0,1,0,
1509622664297693189,"Cuando piensas en un hacker... Â¿Te imaginas a una mujer? ğŸ¤” ""Son muy pocas las mujeres que deciden apostar por estudios de tecnologÃ­a, hay que fomentar la inclusiÃ³n de las mujeres en un mercado laboral con un futuro muy prometedor"", explica @ikerarceseco ğŸ‘©â€ğŸ’» https://t.co/UQgHL1tLCQ",2022-03-31 22:04:25 CEST,1162694149956603904,The Bridge,thebridge_tech,0,0,0,
1509126320386715655,Hemos colaborado con @TheBridge_Tech aportando el proyecto final de los alumnos para el DesafÃ­o de Tripulaciones y premiando a los 3 grupos con una donaciÃ³n para la ONG de su elecciÃ³n. IncreÃ­bles resultados en tiempo rÃ©cordğŸ¤© #apoyamoseltalentotech  https://t.co/vJ5HdV6gSN  https://t.co/LpSUpFtdfp,2022-03-30 13:12:07 CEST,1402182570314539009,TheFringe/LABS,thefringelabs,1,0,4,
1509108619782111235,Â¡LlegÃ³ el dÃ­a! Hoy es el #DesafiodeTripulaciones âš” en el campus de #Valencia Â¡Mucha suerte a toda esa primera promociÃ³n valenciana presentando sus sÃºper webapps! No te lo pierdas â–¶ Sigue ya el DIRECTO aquÃ­  https://t.co/lLXz2wKxaX  #datascience #fullstackwebdevelopment #bootcamp,2022-03-30 12:01:47 CEST,1162694149956603904,The Bridge,thebridge_tech,2,0,1,
1509101924699803650,Seguimos con la 2mesa #ForoVocentoEducaciÃ³n: FormaciÃ³n para el futuro y las nuevas profesionales que vienen. Participan: â–ªï¸ @JuanJoseJuarez @FBertelsmann â–ªï¸ @mortizcotro @FundCreate â–ªï¸ Iker Arce @TheBridge_Tech â–ªï¸ Gabriel Masfurroll @UABBarcelona ğŸ”´DIRECTO  https://t.co/8xxFlqVpCP  https://t.co/3qAkFVQ9bs,2022-03-30 11:35:11 CEST,1197839987867373568,vocentoEventos,vocentoeventos,2,0,8,
1509074925654532099,"A partir de las 11h nuestro CEO @ikerarceseco participa en el #ForoVocentoEducacion en el debate ""FormaciÃ³n para el futuro y las nuevas profesiones que vienen"" organizado por @Vocento (@vocentoeventos) y @KreabEspana. SÃ­gueloğŸ”´EN DIRECTO â¡  https://t.co/JFh6RBMBd4  https://t.co/RJvjrxULch",2022-03-30 09:47:54 CEST,1162694149956603904,The Bridge,thebridge_tech,0,0,4,https://twitter.com/vocentoeventos/status/1508828414920253443
1508843117000249345,2âƒ£ FORMACIÃ“N PARA EL FUTURO Y LAS NUEVAS PROFESIONES QUE VIENEN â–ªï¸ @JuanJoseJuarez (@FBertelsmann) â–ªï¸ @mortizcotro (@FundCreate) â–ªï¸ Iker Arce (@TheBridge_Tech) â–ªï¸ Gabriel Masfurroll (@UABBarcelona) Modera: Antonio San JosÃ© (@asanjoseperez) (@KreabEspana)  #ForoVocentoEducaciÃ³n  https://t.co/kMY2q5gEZE,2022-03-29 18:26:46 CEST,1197839987867373568,vocentoEventos,vocentoeventos,1,1,3,
1507711509467734019,"Jaime, estoy seguro de que en @TheBridge_Tech , la aceleradora de talento digital lÃ­der en nuestro paÃ­s, estarÃ­an encantados de ayudarte en la organizaciÃ³n de ese Hackhaton. Al menos yo lo estoy ğŸ˜‰",2022-03-26 14:30:10 CET,41545659,Mario Lopez de Avila,nodosenlared,2,0,6,https://twitter.com/JaimeObregon/status/1507697770366484482
1507059034146361344,"La @camaradesevilla organiza junto al Grupo Planeta y su presidente JosÃ© Lara, este encuentro con las empresas #ClubCÃ¡mara para recoger las necesidades del #SectorTecnolÃ³gico y presentar nuestra oferta de #Bootcamps de la mano de @TheBridge_Tech  https://t.co/rJkWd5MKT8  https://t.co/J6SHTHXylM",2022-03-24 19:17:28 CET,163586106,Escuela de Negocios,encamarasevilla,4,0,7,
1507029045187387401,Hoy han venido a visitarnos los alumnos de @itep_es de #DAM #ASIR y #MARKETING para conocer nuestro campus de Madrid y el futuro de profesiones tecnolÃ³gicas como las suyas Â¡Esperamos que hayais pasado una estupenda jornada! Sois los profesionales #techie del maÃ±ana ğŸ‘©â€ğŸ’»ğŸ§‘â€ğŸ’»  https://t.co/U1gPnU7TgI,2022-03-24 17:18:18 CET,1162694149956603904,The Bridge,thebridge_tech,0,0,1,
1506941441574117378,"Â¿Crees que lo sabes todo?ğŸ¤“Â¡DÃ©jate sorprender! AdÃ©ntrate en el mundo de la #ProgramacionWeb y las criptomonedas, conoce la metolodogÃ­a #Scrum o profundiza en el #deeplearning. ApÃºntate a nuestros talleres gratuitos y amplÃ­a horizontes ğŸ‘‰ https://t.co/bYfstQB02R  https://t.co/O1Y4J6puMR",2022-03-24 11:30:11 CET,1162694149956603904,The Bridge,thebridge_tech,0,0,0,
1504734193401618459,"Â¡Comenzamos el #Desafiodetripulaciones âš” de la promo full time de noviembre! El tema de los proyectos: el #coliving, con la colaboraciÃ³n de @TheFringeLABS  Â¡No te pierdas las web apps que han creado! ğŸ”´EN DIRECTO  https://t.co/PepMdUmCMu",2022-03-18 09:19:22 CET,1162694149956603904,The Bridge,thebridge_tech,4,0,5,
1504525515247472649,"ğŸ‰ Congrats to @simplilearn, @TheBridge_Tech, @thinkful, and @udacity who made it on our list of the 14 Best Digital Marketing Bootcamps of 2022!  https://t.co/tgUf4qX2DX  https://t.co/MIhFTrM9lA",2022-03-17 19:30:10 CET,1941897590,Course Report,coursereport,0,0,0,
1504416870526590977,"MÃ¡s de 300.000 expertos en #ciberseguridad se han unido en una especie de ""ejÃ©rcito IT"" en Ucrania para llevar a cabo ataques informÃ¡ticos contra infraestructuras y empresas rusas ğŸ‘¾ğŸ”“ https://t.co/CERWGVqWQw",2022-03-17 12:18:27 CET,1162694149956603904,The Bridge,thebridge_tech,0,0,0,
1504380116792664064,"En 2021, las instituciones que forman profesionales digitales con modelos de Bootcamp prepararon a mÃ¡s personas que el 94% de las universidades espaÃ±olas @Adalab_Digital @TheBridge_Tech @ironhack  https://t.co/zyzeLrNdLo",2022-03-17 09:52:24 CET,209496112,Carlos L. Guardiola,carlosguardiola,0,1,5,
1503808574987935757,"ğŸ” We've combed through student &amp; alumni reviews to find the 17 Best Cyber Security Bootcamps of 2022, including @Level_Effect, @nexgent, @simplilearn, @Springboard, and @TheBridge_Tech!   https://t.co/t9VCetS80T  https://t.co/uhS3m8KSBT",2022-03-15 20:01:18 CET,1941897590,Course Report,coursereport,2,0,3,
1503513313648463877,@PICKYUAN @TheBridge_Tech @PagePersonnel Yo por experiencia te dirÃ­a que busques otra escuela. Cuando las cosas funcionan bien todo muy bonito ahora cuando noâ€¦ no hacen nada y te dicen que esto es lo que hay ğŸ˜…ğŸ¤¦â€â™‚ï¸,2022-03-15 00:28:02 CET,295720842,Pep Iberico,soyelsimo,0,0,0,
1503409219789328384,Â¡Muy contentos por todos ellos! 100% empleabilidad en la promociÃ³n de junio. Gracias desde @TheBridge_Tech por confiar y ponerlo todo tan fÃ¡cil Â¡Felicidades! #fullstackdevelopers #datascientists #digitalmarketers #uxuidesigners #cybersecurityanalysts ğŸ¯ğŸ’¼  https://t.co/R0eGi9QXv5,2022-03-14 17:34:24 CET,1162694149956603904,The Bridge,thebridge_tech,1,0,3,
1502360507365400587,"ğŸ‘¾La #ciberseguridad, mÃ¡s necesaria que nunca.  El #sectortecnolÃ³gico pide mÃ¡s financiaciÃ³n y formaciÃ³n de profesionales para evitar ataques a sectores claves para la economÃ­a como energÃ­a, finanzas y transporte ğŸ”’Â  https://t.co/OxY8JpRavS",2022-03-11 20:07:12 CET,1162694149956603904,The Bridge,thebridge_tech,0,0,0,
1502195577584500740,Â¿AlgÃºn identificado en la sala? ğŸ˜‚  #desarrolloweb #css #fullstackdeveloper,2022-03-11 09:11:49 CET,1162694149956603904,The Bridge,thebridge_tech,0,0,0,https://twitter.com/dinaelurdaneta/status/1501901625241346048
1501543878692073472,Faltan por salir las listas de #UXUIProductDesign #DataScience y #DesarrolloWebFullStack Â¡SerÃ­a estupendo volver a aparecer!,2022-03-09 14:02:12 CET,1162694149956603904,The Bridge,thebridge_tech,0,0,1,
1501530641610989581,Â¡El #bootcamp de #Ciberseguridad de @TheBridge_Tech vuelve a estar entre los mejores bootcamps del mundo! Y este aÃ±o tambiÃ©n nos estrenamos con el de #DigitalMarketingOps que entra por primera vez en la lista de #CourseReport! Una sÃºper noticiağŸ‘ğŸ‘Â¡Gracias a todos! #bestbootcamps  https://t.co/3xShvybDST,2022-03-09 13:09:36 CET,1162694149956603904,The Bridge,thebridge_tech,2,1,2,
1500124541137428490,DÃ­a para agradecer a @TheBridge_Tech y @Glovo_ES la oportunidad que han dado a estos dos cracks para formarse con @codeorg en programaciÃ³n por bloques en un curso de 48 horas de duraciÃ³n. Bravo ğŸ™Œ  ğŸ”ğŸ¦¸ğŸ»â€â™‚ï¸ğŸ¦¸ğŸ»â€â™€ï¸ğŸ­ğŸ‡ªğŸ‡¸  https://t.co/ZTCrroHQTc,2022-03-05 16:02:16 CET,363153431,Pablo Oliete,pablooliete,0,0,13,
1499397980704546831,[OpiniÃ³n] Por mÃ¡s mujeres lÃ­deres en tecnologÃ­a  https://t.co/FqVeFL1ljq  https://t.co/SFOFIEv1Uo @TheBridge_Tech  https://t.co/kBo9xGdGrU,2022-03-03 15:55:10 CET,742380996688023552,@Poderyliderazgo.cl,poder_liderazgo,0,0,0,
1499397820410851332,[OpiniÃ³n] Por mÃ¡s mujeres lÃ­deres en tecnologÃ­a -  https://t.co/FqVeFL1ljq @TheBridge_Tech  https://t.co/TE5sXsBaAT,2022-03-03 15:54:32 CET,742380996688023552,@Poderyliderazgo.cl,poder_liderazgo,0,0,0,
1499395478563155968,"@PICKYUAN @PagePersonnel Sentimos mucho el fallo tÃ©cnico. Revisaremos que pudo pasar, pueden conectarse a prÃ³ximos eventos o contactarnos si quieren mÃ¡s informaciÃ³n sobre la escuela llamar al 919 01 72 57 Â¡Gracias!",2022-03-03 15:45:14 CET,1162694149956603904,The Bridge,thebridge_tech,0,0,1,
1499088433293185033,"@TheBridge_Tech @PagePersonnel Mi hijo y yo nos apuntamos con muchos dÃ­as de antelaciÃ³n Hoy a las 7 nos conectamos y aparece el mensaje ""Enlace caducado"": no nos hemos podido conectar Es una pena que, ademÃ¡s de tener que recurrir a lo on-line, con la frialdad que supone, ocurran estos fallos tÃ©cnicos Muy mal",2022-03-02 19:25:08 CET,414032513,PICKY,pickyuan,0,2,0,
1498939760462630913,"Â¡Empezamos el 21 de marzo en #Sevilla! No te puedes perder este taller de empleabilidad con el que arrancamos ğŸš€ Entradas:  https://t.co/91M74qEah2 ğŸ“…Hoy a las 19h ğŸ“C/Isabela 1, Sevilla @ENCamaraSevilla  https://t.co/euWktCKqYp",2022-03-02 09:34:22 CET,1162694149956603904,The Bridge,thebridge_tech,0,0,1,
1498249085337444355,"Toma contacto con el #marketingdigital de la mano de @TheBridge_Tech. Aprende a usar el contenido, el email, las redes sociales y la publicidad digital en este taller impartido por @jpereznavarreteğŸ“  ğŸ“…Jueves 3 de marzo, 18-19h (online)  #EventoDeLaSemana  #masterclass #MyNews",2022-02-28 11:49:52 CET,91372157,MyNews,mynews_es,0,1,2,
